{"schemaVersion":"1.0","appDefinitionTemplate":{"id":"/providers/Microsoft.PowerApps/apps/","type":"Microsoft.PowerApps/apps","tags":{"primaryDeviceWidth":"1366","primaryDeviceHeight":"768","supportsPortrait":"true","supportsLandscape":"true","primaryFormFactor":"Tablet","publisherVersion":"3.22064.10","minimumRequiredApiVersion":"2.2.0","hasComponent":"true","hasUnlockedComponent":"true","isUnifiedRootApp":"false","sienaVersion":"20220713T225714Z-3.22064.10.0"},"properties":{"appVersion":"2022-07-13T22:57:14Z","lifeCycleId":"Published","createdByClientVersion":{"major":3,"minor":22064,"build":10,"revision":0,"majorRevision":0,"minorRevision":0},"minClientVersion":{"major":3,"minor":22064,"build":10,"revision":0,"majorRevision":0,"minorRevision":0},"backgroundColor":"rgba(255, 255, 255, 1)","backgroundImageUri":"/1636533870175770287/Na4800c32-c532-4fc2-83c0-cd7c8411db8e-logoSmallFile","displayName":"Neumorphic UI Kit - Silver","description":"Silver neumorphic UI kit curated by Kristine Kolodziejski","commitMessage":"","appUris":{"documentUri":{"value":"/1636533870175770287/N07aaf93b-f3bc-46fb-be9b-7707f6fa8504-document.msapp"},"imageUris":[],"additionalUris":[]},"createdTime":"0001-01-01T00:00:00Z","lastModifiedTime":"0001-01-01T00:00:00Z","sharedGroupsCount":0,"sharedUsersCount":0,"icons":{"smallIconUri":"/1636533870175770287/Nfd68dbf6-eefe-4771-ad19-49239b9d7186-small.png","mediumIconUri":"/1636533870175770287/Nd8e05c1a-074b-40c3-b250-7fd44e91828d-medium.png","largeIconUri":"/1636533870175770287/Nc5b0e3cb-44ff-4c98-ac6a-324260528cb4-large.png","wideIconUri":"/1636533870175770287/Nc2506f30-2619-4f79-9fa7-d4a1b2e73077-wide.png"},"connectionReferences":{},"databaseReferences":{},"almMode":"Environment","performanceOptimizationEnabled":true,"canConsumeAppPass":true,"executionRestrictions":{"isTeamsOnly":false,"dataLossPreventionEvaluationResult":{"status":"Compliant","lastEvaluationDate":"2022-07-06T19:54:59.6121272Z","violations":[],"violationsByPolicy":[],"violationErrorMessage":"The app uses the following connectors: ."}}},"appType":"ClassicCanvasApp","appComponents":[]}}